2445|62|62|1|1|34|ACERO CORRUGADO|||2010-01-13|2010|0000-00-00|2010-02-03 14:42:23
2446|62|62|1|1|38|ACERO TUBULAR DE 20X50 CM|||2010-01-13|2010|0000-00-00|2010-02-03 14:42:23
2447|62|62|1|3|34|ALAMBRE DE AMARRE|||2010-01-13|2010|0000-00-00|2010-02-03 14:42:23
2448|62|62|1|3|34|ALAMBRE GALVANIZADO Nº 10|||2010-01-13|2010|0000-00-00|2010-02-03 14:42:23
2449|62|62|1|3|34|ALAMBRE GALVANIZADO Nº 18|||2010-01-13|2010|0000-00-00|2010-02-03 14:42:23
2450|62|62|1|1|38|ANGULAR 1 1/4 PLG X 1/8 PLG|||2010-01-13|2010|0000-00-00|2010-02-03 14:42:23
2451|62|62|1|1|38|ANGULAR 1 PLG 1/8 PLG|||2010-01-13|2010|0000-00-00|2010-02-03 14:42:23
2452|62|62|1|1|38|ANGULAR 1½ PLG X 3/16 PLG|||2010-01-13|2010|0000-00-00|2010-02-03 14:42:23
2453|62|62|1|1|38|ANGULAR 3/16 PLG X 2 1/2|||2010-01-13|2010|0000-00-00|2010-02-03 14:42:24
2454|62|62|1|12|3|CALAMINA ONDULADA Nº28|||2010-01-13|2010|0000-00-00|2010-02-03 14:42:23
2455|62|62|1|12|3|CALAMINA ONDULADA Nº33|||2010-01-13|2010|0000-00-00|2010-02-05 10:12:45
2456|62|62|1|12|3|CALAMINA ONDULADA PLASTICA Nº12|||2010-01-13|2010|0000-00-00|2010-02-03 14:42:23
2457|62|62|1|12|3|CALAMINA PLANA Nº 28|||2010-01-13|2010|0000-00-00|2010-02-05 10:12:25
2458|62|62|1|3|34|CLAVOS|||2010-01-13|2010|0000-00-00|2010-02-03 14:42:23
2459|62|62|1|3|34|CLAVOS PARA CALAMINA|||2010-01-13|2010|0000-00-00|2010-02-03 14:42:23
2460|62|62|1|1|38|COSTANERA (100X50X15X2 MM)|||2010-01-13|2010|0000-00-00|2010-02-03 14:42:23
2461|62|62|1|3|3|MALLA DE ALAMBRE TEJIDO|||2010-01-13|2010|0000-00-00|2010-02-03 14:42:24
2462|62|62|1|3|3|MALLA GALVANIZADA (OLIMPICA)|||2010-01-13|2010|0000-00-00|2010-02-03 14:42:24
2463|62|62|1|1|38|PERFIL TEE 1 PLG X 1/8 PLG|||2010-01-13|2010|0000-00-00|2010-02-03 14:42:24
2464|62|62|1|1|3|PLANCHA DE ACERO 1/16 PLG (1.50MM)|||2010-01-13|2010|0000-00-00|2010-02-03 14:42:23
2465|62|62|1|1|3|PLANCHA DE ACERO 1/8 PLG (3 MM)|||2010-01-13|2010|0000-00-00|2010-02-03 14:42:23
2466|62|62|1|1|36|PLANCHA METALICA 3X2M E=2MM|||2010-01-13|2010|0000-00-00|2010-02-03 14:42:23
2467|62|62|1|1|3|PLANCHA METALICA DE 1/32 PLG|||2010-01-13|2010|0000-00-00|2010-02-03 14:42:23
2468|62|62|1|1|38|PLETINA 1 1/2 PLG X 3/16 PLG|||2010-01-13|2010|0000-00-00|2010-02-03 14:42:23
2469|62|62|1|7|36|REJILLA DE ACERO CORRUGADO|||2010-01-13|2010|0000-00-00|2010-02-03 14:42:23
2470|62|62|1|6|33|ARENA COMUN|||2010-01-13|2010|0000-00-00|2010-02-03 14:42:23
2471|62|62|1|6|33|ARENA FINA|||2010-01-13|2010|0000-00-00|2010-02-03 14:42:23
2472|62|62|1|6|33|MATERIAL SELECCIONADO PARA CAPA BASE|||2010-01-13|2010|0000-00-00|2010-02-03 14:42:23
2473|62|62|1|6|33|GRAVA COMUN|||2010-01-13|2010|0000-00-00|2010-02-03 14:42:23
2474|62|62|1|6|33|PIEDRA BRUTA|||2010-01-13|2010|0000-00-00|2010-02-03 14:42:23
2475|62|62|1|21|36|PIEDRA CORTADA (20*20*20 CM)|||2010-01-13|2010|0000-00-00|2010-02-03 14:42:23
2476|62|62|1|6|33|PIEDRA MANZANA|||2010-01-13|2010|0000-00-00|2010-02-03 14:42:23
2477|62|62|1|21|3|PIEDRA PIZARRA CORTADA|||2010-01-13|2010|0000-00-00|2010-02-03 14:42:23
2478|62|62|1|21|3|PIEDRA TARIJA CORTADA PULIDA|||2010-01-13|2010|0000-00-00|2010-02-03 14:42:23
2479|62|62|1|6|33|MATERIAL SELECCIONADO PARA CAPA SUB-BASE|||2010-01-13|2010|0000-00-00|2010-02-03 14:42:23
2480|62|62|1|7|36|BASE DE DUCHA (0,8X0,8)|||2010-01-13|2010|0000-00-00|2010-02-03 14:42:23
2481|62|62|1|7|36|BIDET Y SUJECIONES|||2010-01-13|2010|0000-00-00|2010-02-03 14:42:23
2482|62|62|1|7|36|DUCHA ELECTRICA|||2010-01-13|2010|0000-00-00|2010-02-03 14:42:23
2483|62|62|1|7|36|INODORO Y SUJECIONES|||2010-01-13|2010|0000-00-00|2010-02-03 14:42:24
2484|62|62|1|7|36|LAVADERO DE FIERRO ENLOSADO CON GRIFERIA|||2010-01-13|2010|0000-00-00|2010-02-03 14:42:23
2485|62|62|1|7|36|LAVAMANOS CON GRIFERIA Y DESAGUE|||2010-01-13|2010|0000-00-00|2010-02-03 14:42:23
2486|62|62|1|7|36|LAVAPLATOS 1 DEPOS. 1 FREGAD. CON LLAVE Y DESAG|||2010-01-13|2010|0000-00-00|2010-02-03 14:42:24
2487|62|62|1|7|36|LAVAPLATOS 2 DEPOS. 1 FREGAD. CON LLAVE Y DESAG|||2010-01-13|2010|0000-00-00|2010-02-03 14:42:24
2488|62|62|1|7|36|LAVAPLATOS 2 DEPOS. 2 FREGAD. CON LLAVE Y DESAG|||2010-01-13|2010|0000-00-00|2010-02-03 14:42:24
2489|62|62|1|7|36|LAVARROPA DE CEMENTO|||2010-01-13|2010|0000-00-00|2010-02-03 14:42:24
2490|62|62|1|7|36|TINA BLANCA|||2010-01-13|2010|0000-00-00|2010-02-03 14:42:24
2491|62|62|1|7|36|URINARIO BLANCO CON SIFON Y GRIFERIA|||2010-01-13|2010|0000-00-00|2010-02-03 14:42:24
2492|62|62|1|11|34|CEMENTO BLANCO|||2010-01-13|2010|0000-00-00|2010-02-03 14:42:24
2493|62|62|1|11|34|CEMENTO PORTLAND|||2010-01-13|2010|0000-00-00|2010-02-03 14:42:24
2494|62|62|1|11|34|ESTUCO|||2010-01-13|2010|0000-00-00|2010-02-03 14:42:24
2495|62|62|1|28|3|AZULEJO|||2010-01-13|2010|0000-00-00|2010-02-03 14:42:24
2496|62|62|1|28|3|CERAMICA ESMALTADA PARA MURO|||2010-01-13|2010|0000-00-00|2010-02-03 14:42:24
2497|62|62|1|28|3|CERAMICA ESMALTADA PARA PISO|||2010-01-13|2010|0000-00-00|2010-02-03 14:42:24
2498|62|62|1|19|36|CUMBRERA PARA TEJA ESPAÑOLA|||2010-01-13|2010|0000-00-00|2010-02-03 14:42:24
2499|62|62|1|19|36|LADRILLO GAMB. (24X11X6 CM)|||2010-01-13|2010|0000-00-00|2010-02-03 14:42:24
2500|62|62|1|19|36|LADRILLO GAMB. RUSTICO (6,5X12X18)|||2010-01-13|2010|0000-00-00|2010-02-03 14:42:24
2501|62|62|1|19|36|TEJA COLONIAL 50 CM|||2010-01-13|2010|0000-00-00|2010-02-03 14:42:24
2502|62|62|1|19|36|TEJA COLONIAL CERAMICA|||2010-01-13|2010|0000-00-00|2010-02-03 14:42:24
2503|62|62|1|19|36|TEJA ESPAÑOLA CERAMICA|||2010-01-13|2010|0000-00-00|2010-02-03 14:42:24
2504|62|62|1|19|36|TEJA ROMANA CERAMICA|||2010-01-13|2010|0000-00-00|2010-02-03 14:42:24
2505|62|62|1|28|38|ZOCALO DE CERAMICA H=10 CM|||2010-01-13|2010|0000-00-00|2010-02-03 14:42:24
2506|62|62|3|13|45|AMOLADORA|||2010-01-13|2010|0000-00-00|2010-02-03 14:42:25
2507|62|62|3|13|45|BOMBA DE AGUA 3 PLG|||2010-01-13|2010|0000-00-00|2010-02-03 14:42:25
2508|62|62|3|13|45|CAMION IMPRIMADOR|||2010-01-13|2010|0000-00-00|2010-02-03 14:42:25
2509|62|62|3|13|45|CISTERNA|||2010-01-13|2010|0000-00-00|2010-02-03 14:42:25
2510|62|62|3|13|45|COMPACTADOR DE NEUMATICOS|||2010-01-13|2010|0000-00-00|2010-02-03 14:42:25
2511|62|62|3|13|45|COMPACTADOR DE RODILLO LISO|||2010-01-13|2010|0000-00-00|2010-02-03 14:42:25
2512|62|62|3|13|45|COMPACTADOR VIBRATORIO MANUAL|||2010-01-13|2010|0000-00-00|2010-02-03 14:42:25
2513|62|62|3|13|45|COMPACTADOR VIBRATORIO MANUAL DE PLACA|||2010-01-13|2010|0000-00-00|2010-02-03 14:42:25
2514|62|62|3|13|45|COMPACTADORA PATA DE CABRA|||2010-01-13|2010|0000-00-00|2010-02-03 14:42:25
2515|62|62|3|13|45|COMPRESOR 325-425 P3/MIN|||2010-01-13|2010|0000-00-00|2010-02-03 14:42:25
2516|62|62|3|13|45|COMPRESOR 60 HP|||2010-01-13|2010|0000-00-00|2010-02-03 14:42:25
2517|62|62|3|13|45|EQUIPO DE PERFORACION|||2010-01-13|2010|0000-00-00|2010-02-03 14:42:25
2518|62|62|3|13|45|EQUIPO TOPOGRAFICO|||2010-01-13|2010|0000-00-00|2010-02-03 14:42:25
2519|62|62|3|13|45|GRUPO GENERADOR 75 KW|||2010-01-13|2010|0000-00-00|2010-02-03 14:42:25
2520|62|62|3|13|45|MAQUINA PARA SEÑALIZACION DE VIAS|||2010-01-13|2010|0000-00-00|2010-02-03 14:42:25
2521|62|62|3|13|45|MARTILLO NEUMATICO|||2010-01-13|2010|0000-00-00|2010-02-03 14:42:25
2522|62|62|3|13|45|MEZCLADORA DE HORMIGON 300 LT|||2010-01-13|2010|0000-00-00|2010-02-03 14:42:25
2523|62|62|3|13|45|MOTONIVELADORA|||2010-01-13|2010|0000-00-00|2010-02-03 14:42:25
2524|62|62|3|13|45|PALA CARGADORA|||2010-01-13|2010|0000-00-00|2010-02-03 14:42:25
2525|62|62|3|13|45|PLANTA ASFALTO|||2010-01-13|2010|0000-00-00|2010-02-03 14:42:25
2526|62|62|3|13|45|PLANTA TRITURADORA|||2010-01-13|2010|0000-00-00|2010-02-03 19:37:25
2527|62|62|3|13|45|RETROEXCAVADORA|||2010-01-13|2010|0000-00-00|2010-02-03 14:42:25
2528|62|62|3|13|45|SOLDADOR ELECTRICO|||2010-01-13|2010|0000-00-00|2010-02-03 14:42:25
2529|62|62|3|13|45|TERMINADORA DE ASFALTO|||2010-01-13|2010|0000-00-00|2010-02-03 14:42:25
2530|62|62|3|13|45|TRACTOR DE ORUGAS D7|||2010-01-13|2010|0000-00-00|2010-02-03 14:42:25
2531|62|62|3|13|45|VIBRADORA|||2010-01-13|2010|0000-00-00|2010-02-03 14:42:25
2532|62|62|3|13|45|VOLQUETE 8M3 O 12 TON|||2010-01-13|2010|0000-00-00|2010-02-03 14:42:25
2533|62|62|1|14|36|DINAMITA|||2010-01-13|2010|0000-00-00|2010-02-03 19:37:08
2534|62|62|1|14|36|FULMINANTE|||2010-01-13|2010|0000-00-00|2010-02-03 14:42:24
2535|62|62|1|14|38|GUIA|||2010-01-13|2010|0000-00-00|2010-02-03 14:42:24
2536|62|62|1|14|34|NITRATO|||2010-01-13|2010|0000-00-00|2010-02-03 14:42:24
2537|62|62|1|30|46|ACCESORIOS DE FG DE 1 1/2 PLG|||2010-01-13|2010|0000-00-00|2010-02-03 14:42:24
2538|62|62|1|30|46|ACCESORIOS DE FG DE 1 PLG|||2010-01-13|2010|0000-00-00|2010-02-03 14:42:24
2539|62|62|1|30|46|ACCESORIOS DE FG DE 1/2 PLG|||2010-01-13|2010|0000-00-00|2010-02-03 14:42:24
2540|62|62|1|30|46|ACCESORIOS DE FG DE 2 PLG|||2010-01-13|2010|0000-00-00|2010-02-03 14:42:24
2541|62|62|1|30|46|ACCESORIOS DE FG DE 3/4 PLG|||2010-01-13|2010|0000-00-00|2010-02-03 14:42:24
2542|62|62|1|30|36|CODO 90º FG 3/4|||2010-01-13|2010|0000-00-00|2010-02-03 14:42:24
2543|62|62|1|31|36|TAPON FG 3/4 PLG|||2010-01-13|2010|0000-00-00|2010-02-03 14:42:24
2544|62|62|1|30|38|TUBERIA FG 1 PLG|||2010-01-13|2010|0000-00-00|2010-02-03 14:42:24
2545|62|62|1|30|38|TUBERIA FG DE 1 1/2 PLG|||2010-01-13|2010|0000-00-00|2010-02-03 14:42:24
2546|62|62|1|30|38|TUBERIA FG DE 1/2 PLG|||2010-01-13|2010|0000-00-00|2010-02-03 14:42:24
2547|62|62|1|30|38|TUBERIA FG DE 2 PLG|||2010-01-13|2010|0000-00-00|2010-02-03 14:42:24
2548|62|62|1|30|38|TUBERIA FG DE 3/4 PLG|||2010-01-13|2010|0000-00-00|2010-02-03 14:42:24
2549|62|62|1|25|38|CUMBRERA DE FIBROCEM. ARTICULADA PLANA|||2010-01-13|2010|0000-00-00|2010-02-03 14:42:24
2550|62|62|1|25|3|PLACA CANALIT - 91|||2010-01-13|2010|0000-00-00|2010-02-03 14:42:24
2551|62|62|1|25|3|PLACA ESPAÑOLA|||2010-01-13|2010|0000-00-00|2010-02-03 14:42:23
2552|62|62|1|25|3|PLACA ONDINA|||2010-01-13|2010|0000-00-00|2010-02-03 14:42:24
2553|62|62|1|25|3|PLACA ONDULADA DE FIBROCEMENTO|||2010-01-13|2010|0000-00-00|2010-02-03 14:42:23
2554|62|529|1|25|3|PLACA PLANA (TIPO PIZARRA SHINGALIT)|||2010-01-13|2010|0000-00-00|2010-03-02 15:54:47
2555|62|62|1|25|3|PLACA RESIDENCIAL 10 DURALIT|||2010-01-13|2010|0000-00-00|2010-02-03 14:42:23
2556|62|62|1|25|36|TANQUE DE FIBROCEM. 1000 LT C/TAPA|2556.doc|2556.jpg|2010-01-13|2010|0000-00-00|2010-02-27 09:54:07
2557|62|62|1|25|36|TANQUE DE FIBROCEM. 1400 LT C/TAPA|2557.doc|2557.jpg|2010-01-13|2010|0000-00-00|2010-02-27 09:53:28
2558|62|62|1|25|36|TANQUE DE FIBROCEM. 500 LT C/TAPA|2558.doc|2558.jpg|2010-01-13|2010|0000-00-00|2010-02-27 09:49:22
2559|62|62|1|7|36|CHICOTILLO PVC 40 CM|||2010-01-13|2010|0000-00-00|2010-02-03 14:42:23
2560|62|62|1|7|36|GRIFO DE ACERO INOXIDABLE|||2010-01-13|2010|0000-00-00|2010-02-03 14:42:23
2561|62|62|1|7|36|LLAVE DE PASO CORTINA 3/4 PLG|||2010-01-13|2010|0000-00-00|2010-02-03 14:42:23
2562|62|62|1|7|36|MEDIDOR DOM. DE AGUA 3/4 PLG CON ACC. Y CAJA|||2010-01-13|2010|0000-00-00|2010-02-03 14:42:23
2563|62|62|1|7|36|REJILLA DE PISO DE BRONCE 4 PLG|||2010-01-13|2010|0000-00-00|2010-02-03 14:42:23
2564|62|62|1|7|36|TEFLON|||2010-01-13|2010|0000-00-00|2010-02-03 14:42:23
2565|62|62|1|17|38|ALAMBRE AWG Nº 14|||2010-01-13|2010|0000-00-00|2010-02-03 14:42:23
2566|62|62|1|17|38|ALAMBRE CU 1 X 12 AWG|||2010-01-13|2010|0000-00-00|2010-02-03 14:42:23
2567|62|62|1|17|38|ALAMBRE CU 1 X 14 AWG|||2010-01-13|2010|0000-00-00|2010-02-03 14:42:23
2568|62|62|1|17|38|CABLE CU 1 X 7 X 10 AWG|||2010-01-13|2010|0000-00-00|2010-02-03 14:42:23
2569|62|62|1|17|38|CABLE CU 1 X 7 X 12 AWG|||2010-01-13|2010|0000-00-00|2010-02-03 14:42:23
2570|62|62|1|17|38|CABLE CU 1 X 7 X 8 AWG|||2010-01-13|2010|0000-00-00|2010-02-03 14:42:23
2571|62|62|1|17|38|CABLE CU PARA TELEFONO 2X22|||2010-01-13|2010|0000-00-00|2010-02-03 14:42:23
2572|62|62|1|17|36|CAJA PLASTICA CIRCULAR|||2010-01-13|2010|0000-00-00|2010-02-03 14:42:23
2573|62|62|1|17|36|CAJA PLASTICA CUADRADA 4 PLG X 4 PLG|||2010-01-13|2010|0000-00-00|2010-02-03 14:42:23
2574|62|62|1|17|36|CAJA PLASTICA RECTANGULAR 2 PLG X 4 PLG|||2010-01-13|2010|0000-00-00|2010-02-03 14:42:23
2575|62|62|1|17|38|CINTA AISLANTE 19 MM|||2010-01-13|2010|0000-00-00|2010-02-03 14:42:23
2576|62|62|1|17|36|FOCO DE 100 W|||2010-01-13|2010|0000-00-00|2010-02-03 14:42:23
2577|62|62|1|17|36|INTERRUPTOR TERMICO 2X15 AMP|||2010-01-13|2010|0000-00-00|2010-02-03 14:42:23
2578|62|62|1|17|36|INTERRUPTOR TERMICO 2X20 AMP|||2010-01-13|2010|0000-00-00|2010-02-03 14:42:23
2579|62|62|1|17|36|INTERRUPTOR TERMICO 2X30 AMP|||2010-01-13|2010|0000-00-00|2010-02-03 14:42:23
2580|62|62|1|17|36|INTERRUPTOR TERMICO 2X40 AMP|||2010-01-13|2010|0000-00-00|2010-02-03 14:42:23
2581|62|62|1|17|36|LUMINARIA 2X40 WATTS|||2010-01-13|2010|0000-00-00|2010-02-03 14:42:23
2582|62|62|1|17|36|PLACA CONMUTADOR|||2010-01-13|2010|0000-00-00|2010-02-03 14:42:23
2583|62|62|1|17|36|PLACA INTERRUPTOR DOBLE|||2010-01-13|2010|0000-00-00|2010-02-03 14:42:23
2584|62|62|1|17|36|PLACA INTERRUPTOR SIMPLE|||2010-01-13|2010|0000-00-00|2010-02-03 14:42:23
2585|62|62|1|17|36|PLACA TELEFONO|||2010-01-13|2010|0000-00-00|2010-02-03 14:42:23
2586|62|62|1|17|36|PLACA TOMACORRIENTE DOBLE|||2010-01-13|2010|0000-00-00|2010-02-03 14:42:23
2587|62|62|1|17|36|SOCKET|||2010-01-13|2010|0000-00-00|2010-02-03 14:42:23
2588|62|62|1|17|36|TABLERO MEDIDOR 8 ESPACIOS|||2010-01-13|2010|0000-00-00|2010-02-03 14:42:23
2589|62|62|1|18|33|ESTIERCOL DE OVINO|||2010-01-13|2010|0000-00-00|2010-02-03 14:42:23
2590|62|62|1|18|34|RAY-GRASS|||2010-01-13|2010|0000-00-00|2010-02-03 14:42:23
2591|62|62|1|18|3|TEPE|||2010-01-13|2010|0000-00-00|2010-02-03 14:42:23
2592|62|62|1|18|33|TURBA|||2010-01-13|2010|0000-00-00|2010-02-03 14:42:23
2593|62|5350|1|19|36|LADRILLO 18H (12X25X6,5 CM)|||2010-01-13|2010|0000-00-00|2010-02-03 14:42:23
2594|62|300|1|19|36|LADRILLO 6H (24X15X11 CM)|||2010-01-13|2010|0000-00-00|2010-02-03 14:42:23
2595|62|62|1|19|36|LADRILLO ADOBITO|||2010-01-13|2010|0000-00-00|2010-02-03 14:42:23
2596|62|62|1|19|36|LADRILLO CELOSIA|||2010-01-13|2010|0000-00-00|2010-02-03 14:42:23
2597|62|62|2|22|45|ALARIFE|||2010-01-13|2010|0000-00-00|2010-02-03 14:42:25
2598|62|62|2|22|45|ALBAÑIL|||2010-01-13|2010|0000-00-00|2010-02-03 14:42:25
2599|62|62|2|22|45|ARMADOR|||2010-01-13|2010|0000-00-00|2010-02-03 14:42:25
2600|62|62|2|22|45|AYUDANTE|||2010-01-13|2010|0000-00-00|2010-02-03 14:42:25
2601|62|62|2|22|45|CARPINTERO|||2010-01-13|2010|0000-00-00|2010-02-03 14:42:25
2602|62|62|2|22|45|ELECTRICISTA|||2010-01-13|2010|0000-00-00|2010-02-03 14:42:25
2603|62|62|2|22|45|ENCOFRADOR|||2010-01-13|2010|0000-00-00|2010-02-03 14:42:25
2604|62|62|2|22|45|ESPECIALISTA EN USO DE EXPLOSIVOS|||2010-01-13|2010|0000-00-00|2010-02-03 14:42:25
2605|62|62|2|22|45|JARDINERO|||2010-01-13|2010|0000-00-00|2010-02-03 14:42:25
2606|62|62|2|22|45|PERFORISTA|||2010-01-13|2010|0000-00-00|2010-02-03 14:42:25
2607|62|62|2|22|45|PINTOR|||2010-01-13|2010|0000-00-00|2010-02-03 14:42:25
2608|62|62|2|22|45|PLOMERO|||2010-01-13|2010|0000-00-00|2010-02-03 14:42:25
2609|62|62|2|22|45|SOLDADOR|||2010-01-13|2010|0000-00-00|2010-02-03 14:42:25
2610|62|62|2|22|45|TAPIZADOR|||2010-01-13|2010|0000-00-00|2010-02-03 14:42:25
2611|62|62|2|22|45|TOPOGRAFO|||2010-01-13|2010|0000-00-00|2010-02-03 14:42:25
2612|62|62|2|22|45|VIDRIERO|||2010-01-13|2010|0000-00-00|2010-02-03 14:42:25
2613|62|62|1|24|39|ACEITE DE LINAZA|||2010-01-13|2010|0000-00-00|2010-02-03 14:42:23
2614|62|62|1|10|38|BATIENTES DE 1 1/2 PLG 3 1/2 PLG|||2010-01-13|2010|0000-00-00|2010-02-03 14:42:23
2615|62|62|1|20|36|ESTACA DE MADERA|||2010-01-13|2010|0000-00-00|2010-02-03 14:42:23
2616|62|62|1|10|3|MACHIMBRE DE MADERA|||2010-01-13|2010|0000-00-00|2010-02-03 14:42:23
2617|62|62|1|20|35|MADERA DE CONSTRUCCION|||2010-01-13|2010|0000-00-00|2010-02-03 14:42:23
2618|62|62|1|20|35|MADERA DURA|||2010-01-13|2010|0000-00-00|2010-02-03 14:42:23
2619|62|62|1|20|35|MADERA EN LISTON 2 PLGX 2 PLG|||2010-01-13|2010|0000-00-00|2010-02-03 14:42:23
2620|62|62|1|20|35|MADERA SEMIDURA|||2010-01-13|2010|0000-00-00|2010-02-03 14:42:23
2621|62|62|1|10|38|MARCO DE MADERA 2 PLG X 3 PLG|||2010-01-13|2010|0000-00-00|2010-02-03 14:42:23
2622|62|62|1|10|38|MARCO DE MADERA 2 PLG X 4 PLG|||2010-01-13|2010|0000-00-00|2010-02-03 14:42:23
2623|62|62|1|10|3|PARKET|||2010-01-13|2010|0000-00-00|2010-02-03 14:42:23
2624|62|62|1|10|39|PEGAMENTO PARA PARQUET|||2010-01-13|2010|0000-00-00|2010-02-03 14:42:23
2625|62|62|1|10|38|ZOCALO DE MADERA H=10 CM|||2010-01-13|2010|0000-00-00|2010-02-03 14:42:23
2626|62|62|1|2|34|ADITIVO IMPERMEABILIZANTE|||2010-01-13|2010|0000-00-00|2010-02-03 14:42:24
2627|62|62|1|21|36|ADOBE DE TIERRA 40*20*10 CM|||2010-01-13|2010|0000-00-00|2010-02-03 14:42:23
2628|62|62|1|4|3|ALFOMBRA DE ALTO TRAFICO|||2010-01-13|2010|0000-00-00|2010-02-03 14:42:24
2629|62|62|1|8|34|ALQUITRAN|||2010-01-13|2010|0000-00-00|2010-02-03 14:42:23
2630|62|62|1|11|33|ARCILLA|||2010-01-13|2010|0000-00-00|2010-02-03 14:42:23
2631|62|62|1|8|34|ASFALTO|||2010-01-13|2010|0000-00-00|2010-02-03 14:42:23
2632|62|62|1|10|38|BASTIDORES (1/2 PLG X 1 PLG)|||2010-01-13|2010|0000-00-00|2010-02-03 14:42:23
2633|62|62|1|21|36|BLOQUE DE VIDRIO (20X20 CM)|||2010-01-13|2010|0000-00-00|2010-02-03 14:42:23
2634|62|62|1|13|36|BOMBA HIDRONEUMATICA 1/5 PLG HP|||2010-01-13|2010|0000-00-00|2010-02-03 14:42:23
2635|62|62|1|16|3|CARTON ASFALTICO|||2010-01-13|2010|0000-00-00|2010-02-03 14:42:23
2636|62|62|1|8|39|CEM. ASFAL. DILUIDO MC 30|||2010-01-13|2010|0000-00-00|2010-02-03 14:42:23
2637|62|62|1|8|39|CEM. ASFAL. DILUIDO RC-250|||2010-01-13|2010|0000-00-00|2010-02-03 14:42:23
2638|62|62|1|8|34|CEMENTO ASFALTICO|||2010-01-13|2010|0000-00-00|2010-02-03 14:42:23
2639|62|62|1|10|34|CERA|||2010-01-13|2010|0000-00-00|2010-02-03 14:42:23
2640|62|62|1|23|39|DIESEL|||2010-01-13|2010|0000-00-00|2010-02-03 19:38:52
2641|62|62|1|23|34|ELECTRODOS PARA SOLDADURA|||2010-01-13|2010|0000-00-00|2010-02-03 14:42:23
2642|62|62|1|3|36|GAVION COLCHONETA (4X2X0,3 M)|||2010-01-13|2010|0000-00-00|2010-02-03 14:42:23
2643|62|62|1|3|33|GAVIONES TIPO CANASTA|||2010-01-13|2010|0000-00-00|2010-02-03 14:42:23
2644|62|62|1|9|36|HERRAJES DE BRONCE|||2010-01-13|2010|0000-00-00|2010-02-03 14:42:23
2645|62|62|1|23|36|LETRERO IMPRESO EN LONA PLASTICA (3*2 M)|||2010-01-13|2010|0000-00-00|2010-02-03 14:42:23
2646|62|62|1|3|3|MALLA MILIMETRICA|||2010-01-13|2010|0000-00-00|2010-02-03 14:42:23
2647|62|62|1|21|3|MARMOL|||2010-01-13|2010|0000-00-00|2010-02-03 14:42:23
2648|62|62|1|16|3|MEMBRANA ALMA GEOTEXTIL 3,5 MM|||2010-01-13|2010|0000-00-00|2010-02-03 14:42:23
2649|62|62|1|16|3|MEMBRANA GEOTEXTIL ALUMINIO 3,5MM|||2010-01-13|2010|0000-00-00|2010-02-03 14:42:24
2650|62|62|1|11|34|OCRE IMPORTADO|||2010-01-13|2010|0000-00-00|2010-02-03 14:42:25
2651|62|62|1|23|34|PAJA|||2010-01-13|2010|0000-00-00|2010-02-03 14:42:25
2652|62|62|1|4|39|PEGAMENTO PARA ALFOMBRAS|||2010-01-13|2010|0000-00-00|2010-02-03 14:42:25
2653|62|62|1|10|39|PEGAMENTO PARA PISO FLOTANTE|||2010-01-13|2010|0000-00-00|2010-02-03 14:42:25
2654|62|62|1|4|39|PEGAMENTO PARA VINIL|||2010-01-13|2010|0000-00-00|2010-02-03 14:42:25
2655|62|62|1|10|3|PISO FLOTANTE|||2010-01-13|2010|0000-00-00|2010-02-03 14:42:25
2656|62|62|1|25|3|PLACA FRANCESA ONDULINE|||2010-01-13|2010|0000-00-00|2010-02-03 14:42:25
2657|62|62|1|5|36|PLASTOFORM (100X50X1 CM)|||2010-01-13|2010|0000-00-00|2010-02-03 14:42:25
2658|62|62|1|5|3|PLASTOFORMO (E=0.50 CM)|||2010-01-13|2010|0000-00-00|2010-02-03 14:42:25
2659|62|62|1|16|3|POLIET. DE 200 MICRONES|||2010-01-13|2010|0000-00-00|2010-02-03 14:42:25
2660|62|62|1|1|38|RIELES DE FERROCARRIL|||2010-01-13|2010|0000-00-00|2010-02-03 14:42:25
2661|62|62|1|2|34|SIKAFLEX 1-A|||2010-01-13|2010|0000-00-00|2010-02-03 14:42:25
2662|62|62|1|10|38|TAPAJUNTAS|||2010-01-13|2010|0000-00-00|2010-02-03 14:42:25
2663|62|62|1|4|3|TAPIZON|||2010-01-13|2010|0000-00-00|2010-02-03 14:42:25
2664|62|62|1|18|33|TIERRA NEGRA|||2010-01-13|2010|0000-00-00|2010-02-03 14:42:25
2665|62|62|1|6|33|TIERRA SELECCIONADA|||2010-01-13|2010|0000-00-00|2010-02-03 14:42:25
2666|62|62|1|4|3|VINIL PARA PISOS|||2010-01-13|2010|0000-00-00|2010-02-03 14:42:25
2667|62|62|1|21|38|ZOCALO GRANITICO DE 25X10|||2010-01-13|2010|0000-00-00|2010-02-03 14:42:25
2668|62|62|1|24|39|AGUARRAS|||2010-01-13|2010|0000-00-00|2010-02-03 14:42:25
2669|62|62|1|24|39|BARNIZ PARA MADERA|||2010-01-13|2010|0000-00-00|2010-02-03 14:42:25
2670|62|62|1|10|34|COLA FRESCA|||2010-01-13|2010|0000-00-00|2010-02-03 14:42:25
2671|62|62|1|24|39|IMPRIMANTE PARA PINTURA DE DEMARCACION|||2010-01-13|2010|0000-00-00|2010-02-03 19:38:14
2672|62|62|1|24|12|LIJA PARA MADERA|||2010-01-13|2010|0000-00-00|2010-02-03 14:42:25
2673|62|62|1|24|12|LIJA PARA METAL|||2010-01-13|2010|0000-00-00|2010-02-03 14:42:25
2674|62|62|1|24|12|LIJA PARA PARED|||2010-01-13|2010|0000-00-00|2010-02-03 14:42:24
2675|62|62|1|24|39|MASA ACRILICA|||2010-01-13|2010|0000-00-00|2010-02-03 14:42:24
2676|62|62|1|24|39|MASA CORRIDA|||2010-01-13|2010|0000-00-00|2010-02-03 14:42:24
2677|62|62|1|24|39|PINTURA AL ACEITE|||2010-01-13|2010|0000-00-00|2010-02-03 14:42:24
2678|62|62|1|24|39|PINTURA ANTICORROSIVA|||2010-01-13|2010|0000-00-00|2010-02-03 14:42:24
2679|62|62|1|24|39|PINTURA ANTIOXIDANTE|||2010-01-13|2010|0000-00-00|2010-02-03 14:42:24
2680|62|62|1|24|39|PINTURA DE DEMARCACION DE CALLES BLANCO|||2010-01-13|2010|0000-00-00|2010-02-03 14:42:24
2681|62|62|1|24|39|PINTURA ELASTOMERICA FIBRADA|||2010-01-13|2010|0000-00-00|2010-02-03 14:42:24
2682|62|62|1|24|39|PINTURA LATEX EXTERIORES|||2010-01-13|2010|0000-00-00|2010-02-03 14:42:25
2683|62|62|1|24|39|PINTURA LATEX INTERIORES|||2010-01-13|2010|0000-00-00|2010-02-03 14:42:25
2684|62|62|1|24|39|PINTURA REFLECTIVA|||2010-01-13|2010|0000-00-00|2010-02-03 14:42:24
2685|62|62|1|24|39|SELLADOR DE PARED|||2010-01-13|2010|0000-00-00|2010-02-03 14:42:25
2686|62|62|1|10|39|SELLADOR PARA MADERA|||2010-01-13|2010|0000-00-00|2010-02-03 14:42:25
2687|62|62|1|24|39|THINNER|||2010-01-13|2010|0000-00-00|2010-02-03 14:42:25
2688|62|62|1|26|36|BALDOSA DE HORMIGON (40X40 CM)|||2010-01-13|2010|0000-00-00|2010-02-03 14:42:25
2689|62|62|1|21|36|BLOQUE DE HORMIGON 2H (39*19*14 CM)|||2010-01-13|2010|0000-00-00|2010-02-03 14:42:25
2690|62|62|1|26|36|CAMARA DE INSPEC. DE HO PREFAB. (40X40X40 CM)|||2010-01-13|2010|0000-00-00|2010-02-03 14:42:25
2691|62|62|1|26|36|CAMARA DE INSPEC.DE HO PREFAB. (60X60X65 CM)|||2010-01-13|2010|0000-00-00|2010-02-03 14:42:25
2692|62|62|1|26|36|LOSETA HEXAGONAL (D=35CM)|||2010-01-13|2010|0000-00-00|2010-02-03 14:42:25
2693|62|62|1|26|36|LOSETA ONDULADA (24*12 CM)|||2010-01-13|2010|0000-00-00|2010-02-03 14:42:25
2694|62|62|1|5|36|PLASTOFORMO (100*40*16 CM)|||2010-01-13|2010|0000-00-00|2010-02-03 14:42:25
2695|62|62|1|26|38|POSTE DE HORMIGON PRETENSADO|||2010-01-13|2010|0000-00-00|2010-02-03 14:42:25
2696|62|62|1|26|38|TUBERIA DE HO 10 PLG INCLUYE JUNTA ELASTICA|||2010-01-13|2010|0000-00-00|2010-02-03 14:42:25
2697|62|62|1|26|38|TUBERIA DE HO 12 PLG INCLUYE JUNTA ELASTICA|||2010-01-13|2010|0000-00-00|2010-02-03 14:42:25
2698|62|62|1|26|38|TUBERIA DE HO 4 PLG INCLUYE JUNTA ELASTICA|||2010-01-13|2010|0000-00-00|2010-02-03 14:42:25
2699|62|62|1|26|38|TUBERIA DE HO 6 PLG INCLUYE JUNTA ELASTICA|||2010-01-13|2010|0000-00-00|2010-02-03 14:42:25
2700|62|62|1|26|38|TUBERIA DE HO 8 PLG INCLUYE JUNTA ELASTICA|||2010-01-13|2010|0000-00-00|2010-02-03 14:42:25
2701|62|62|1|26|38|TUBO Hº Aº D=1.0 M|||2010-01-13|2010|0000-00-00|2010-02-03 14:42:25
2702|62|62|1|26|3|VIGUETA Y PLASTOFORM PRECONI|||2010-01-13|2010|0000-00-00|2010-02-03 14:42:25
2703|62|62|1|26|38|VIGUETAS PRETENSADAS|||2010-01-13|2010|0000-00-00|2010-02-03 14:42:25
2704|62|62|1|29|36|CAMARA DE INSPECCION DE POLIET. (D=60 CM H=1 M)|||2010-01-13|2010|0000-00-00|2010-02-03 14:42:25
2705|62|62|1|29|36|CAMARA DESGRASADORA DE POLIET. (25X35 CM H=35 CM)|||2010-01-13|2010|0000-00-00|2010-02-03 14:42:25
2706|62|62|1|29|36|CAMARA SEPTICA DE POLIET. 1100 LTS|||2010-01-13|2010|0000-00-00|2010-02-03 14:42:25
2707|62|62|1|29|36|CAMARA SEPTICA DE POLIET. 2500 LTS|||2010-01-13|2010|0000-00-00|2010-02-03 14:42:25
2708|62|62|1|29|36|CAMARA SEPTICA DE POLIET. 5000 LTS|||2010-01-13|2010|0000-00-00|2010-02-03 14:42:25
2709|62|62|1|29|36|TANQUE PLASTICO 1100LT. C/ACC Y FLOTADOR|||2010-01-13|2010|0000-00-00|2010-02-03 14:42:25
2710|62|62|1|29|36|TANQUE PLASTICO 2000LT. C/ACC Y FLOTADOR|||2010-01-13|2010|0000-00-00|2010-02-03 14:42:25
2711|62|62|1|29|36|TANQUE PLASTICO 600LT. C/ACC Y FLOTADOR|||2010-01-13|2010|0000-00-00|2010-02-03 14:42:25
2712|62|62|1|10|3|PUERTA CORRIENTE|||2010-01-13|2010|0000-00-00|2010-02-03 14:42:25
2713|62|62|1|10|36|PUERTA MOLDEADA|||2010-01-13|2010|0000-00-00|2010-02-03 14:42:25
2714|62|62|1|10|3|PUERTA PLACA DE E=4 CM|||2010-01-13|2010|0000-00-00|2010-02-03 14:42:25
2715|62|62|1|10|3|PUERTA TABLERO DE E=4 CM|||2010-01-13|2010|0000-00-00|2010-02-03 14:42:25
2716|62|62|1|27|36|SEGURO PARA VENTANA|||2010-01-13|2010|0000-00-00|2010-02-03 14:42:25
2717|62|62|1|27|36|TOPE PARA PUERTA|||2010-01-13|2010|0000-00-00|2010-02-03 14:42:25
2718|62|62|1|10|36|VENTANA CORRIENTE|||2010-01-13|2010|0000-00-00|2010-02-03 14:42:25
2719|62|62|1|31|46|ACCESORIOS DE PVC CLASE RO DE 2 PLG|||2010-01-13|2010|0000-00-00|2010-02-03 14:42:25
2720|62|62|1|31|46|ACCESORIOS DE PVC DE 1 1/2 PLG|||2010-01-13|2010|0000-00-00|2010-02-03 14:42:25
2721|62|62|1|31|46|ACCESORIOS PVC CLASE 9 DE 1 1/2 PLG|||2010-01-13|2010|0000-00-00|2010-02-03 14:42:25
2722|62|62|1|31|46|ACCESORIOS PVC CLASE 9 DE 10 PLG|||2010-01-13|2010|0000-00-00|2010-02-03 14:42:24
2723|62|62|1|31|46|ACCESORIOS PVC CLASE 9 DE 12 PLG|||2010-01-13|2010|0000-00-00|2010-02-03 14:42:24
2724|62|62|1|31|46|ACCESORIOS PVC CLASE 9 DE 2 PLG|||2010-01-13|2010|0000-00-00|2010-02-03 14:42:24
2725|62|62|1|31|46|ACCESORIOS PVC CLASE 9 DE 3 PLG|||2010-01-13|2010|0000-00-00|2010-02-03 14:42:24
2726|62|62|1|31|46|ACCESORIOS PVC CLASE 9 DE 4 PLG|||2010-01-13|2010|0000-00-00|2010-02-03 14:42:24
2727|62|62|1|31|46|ACCESORIOS PVC CLASE 9 DE 6 PLG|||2010-01-13|2010|0000-00-00|2010-02-03 14:42:24
2728|62|62|1|31|46|ACCESORIOS PVC CLASE 9 DE 8 PLG|||2010-01-13|2010|0000-00-00|2010-02-03 14:42:24
2729|62|62|1|31|46|ACCESORIOS PVC CLASE RO DE 1 1/2 PLG|||2010-01-13|2010|0000-00-00|2010-02-03 14:42:24
2730|62|62|1|31|46|ACCESORIOS PVC CLASE RO DE 1 PLG|||2010-01-13|2010|0000-00-00|2010-02-03 14:42:24
2731|62|62|1|31|46|ACCESORIOS PVC CLASE RO DE 1/2 PLG|||2010-01-13|2010|0000-00-00|2010-02-03 14:42:24
2732|62|62|1|31|46|ACCESORIOS PVC CLASE RO DE 3/4 PLG|||2010-01-13|2010|0000-00-00|2010-02-03 14:42:24
2733|62|62|1|31|46|ACCESORIOS PVC DESAGUE DE 1 1/2 PLG|||2010-01-13|2010|0000-00-00|2010-02-03 14:42:24
2734|62|62|1|31|46|ACCESORIOS PVC DESAGUE DE 2 PLG|||2010-01-13|2010|0000-00-00|2010-02-03 14:42:24
2735|62|62|1|31|46|ACCESORIOS PVC DESAGUE DE 3 PLG|||2010-01-13|2010|0000-00-00|2010-02-03 14:42:24
2736|62|62|1|31|46|ACCESORIOS PVC DESAGUE DE 4 PLG|||2010-01-13|2010|0000-00-00|2010-02-03 14:42:25
2737|62|62|1|31|46|ACCESORIOS PVC DESAGUE DE 6 PLG|||2010-01-13|2010|0000-00-00|2010-02-03 14:42:24
2738|62|62|1|31|46|ACCESORIOS PVC ESQ. 40 DE 1 1/2 PLG|||2010-01-13|2010|0000-00-00|2010-02-03 14:42:24
2739|62|62|1|31|46|ACCESORIOS PVC ESQ. 40 DE 1 PLG|||2010-01-13|2010|0000-00-00|2010-02-03 14:42:24
2740|62|62|1|31|46|ACCESORIOS PVC ESQ. 40 DE 1/2 PLG|||2010-01-13|2010|0000-00-00|2010-02-03 14:42:24
2741|62|62|1|31|46|ACCESORIOS PVC ESQ. 40 DE 2 PLG|||2010-01-13|2010|0000-00-00|2010-02-03 14:42:24
2742|62|62|1|31|46|ACCESORIOS PVC ESQ. 40 DE 3/4 PLG|||2010-01-13|2010|0000-00-00|2010-02-03 14:42:24
2743|62|62|1|31|46|ACCESORIOS PVC CLASE 15 DE 1 1/2 PLG|||2010-01-13|2010|0000-00-00|2010-02-03 14:42:24
2744|62|62|1|31|46|ACCESORIOS PVC CLASE 15 DE 1 PLG|||2010-01-13|2010|0000-00-00|2010-02-03 14:42:24
2745|62|62|1|31|46|ACCESORIOS PVC CLASE 15 DE 1/2 PLG|||2010-01-13|2010|0000-00-00|2010-02-03 14:42:24
2746|62|62|1|31|46|ACCESORIOS PVC CLASE 15 DE 2 PLG|||2010-01-13|2010|0000-00-00|2010-02-03 14:42:24
2747|62|62|1|31|46|ACCESORIOS PVC CLASE 15 DE 3/4 PLG|||2010-01-13|2010|0000-00-00|2010-02-03 14:42:24
2748|62|62|1|31|36|CAJA INTERCEP. DE PVC E40 D=6 PLG H= 6 PLG CON REJILLA|||2010-01-13|2010|0000-00-00|2010-02-03 14:42:24
2749|62|62|1|31|36|CAJA INTERCEPTORA DE PVC E40 D=6 PLG H= 6 PLG|||2010-01-13|2010|0000-00-00|2010-02-03 14:42:24
2750|62|62|1|31|39|LIMPIADOR DE PVC|||2010-01-13|2010|0000-00-00|2010-02-03 14:42:24
2751|62|62|1|31|39|LUBRICANTE PARA PVC|||2010-01-13|2010|0000-00-00|2010-02-03 14:42:24
2752|62|62|1|31|39|PEGAMENTO PARA PVC|||2010-01-13|2010|0000-00-00|2010-02-03 14:42:24
2753|62|62|1|31|36|SIFON DE PVC|||2010-01-13|2010|0000-00-00|2010-02-03 14:42:24
2754|62|62|1|31|36|SIFON DE PVC DE 1 1/2 PLG|||2010-01-13|2010|0000-00-00|2010-02-03 14:42:24
2755|62|62|1|31|38|TUBERIA PVC CLASE 9 DE 1 1/2 PLG|||2010-01-13|2010|0000-00-00|2010-02-03 14:42:24
2756|62|62|1|31|38|TUBERIA PVC CLASE 9 DE 10 PLG|||2010-01-13|2010|0000-00-00|2010-02-03 14:42:24
2757|62|62|1|31|38|TUBERIA PVC CLASE 9 DE 12 PLG|||2010-01-13|2010|0000-00-00|2010-02-03 14:42:24
2758|62|62|1|31|38|TUBERIA PVC CLASE 9 DE 2 PLG|||2010-01-13|2010|0000-00-00|2010-02-03 14:42:24
2759|62|62|1|31|38|TUBERIA PVC CLASE 9 DE 3 PLG|||2010-01-13|2010|0000-00-00|2010-02-03 14:42:24
2760|62|62|1|31|38|TUBERIA PVC CLASE 9 DE 4 PLG|||2010-01-13|2010|0000-00-00|2010-02-03 14:42:24
2761|62|62|1|31|38|TUBERIA PVC CLASE 9 DE 6 PLG|||2010-01-13|2010|0000-00-00|2010-02-03 14:42:24
2762|62|62|1|31|38|TUBERIA PVC CLASE 9 DE 8 PLG|||2010-01-13|2010|0000-00-00|2010-02-03 14:42:24
2763|62|62|1|31|38|TUBERIA PVC CLASE RO 1 PLG|||2010-01-13|2010|0000-00-00|2010-02-03 14:42:24
2764|62|62|1|31|38|TUBERIA PVC CLASE RO DE 1 1/2 PLG|||2010-01-13|2010|0000-00-00|2010-02-03 14:42:24
2765|62|62|1|31|38|TUBERIA PVC CLASE RO DE 1/2 PLG|||2010-01-13|2010|0000-00-00|2010-02-03 14:42:24
2766|62|62|1|31|38|TUBERIA PVC CLASE RO DE 2 PLG|||2010-01-13|2010|0000-00-00|2010-02-03 14:42:24
2767|62|62|1|31|38|TUBERIA PVC CLASE RO DE 3/4 PLG|||2010-01-13|2010|0000-00-00|2010-02-03 14:42:24
2768|62|62|1|17|38|TUBERIA PVC CONDUIT D= 1 PLG|||2010-01-13|2010|0000-00-00|2010-02-03 14:42:24
2769|62|62|1|17|38|TUBERIA PVC CONDUIT D= 3/4 PLG|||2010-01-13|2010|0000-00-00|2010-02-03 14:42:24
2770|62|62|1|17|38|TUBERIA PVC CONDUIT D= 5/8 PLG|||2010-01-13|2010|0000-00-00|2010-02-03 14:42:24
2771|62|62|1|31|38|TUBERIA PVC DESAGUE D=4 PLG|||2010-01-13|2010|0000-00-00|2010-02-03 14:42:24
2772|62|62|1|31|38|TUBERIA PVC DESAGUE DE 1 1/2 PLG|||2010-01-13|2010|0000-00-00|2010-02-03 14:42:24
2773|62|62|1|31|38|TUBERIA PVC DESAGUE DE 2 PLG|||2010-01-13|2010|0000-00-00|2010-02-03 14:42:24
2774|62|62|1|31|38|TUBERIA PVC DESAGUE DE 3 PLG|||2010-01-13|2010|0000-00-00|2010-02-03 14:42:24
2775|62|62|1|31|38|TUBERIA PVC DESAGUE DE 4 PLG|||2010-01-13|2010|0000-00-00|2010-02-03 14:42:24
2776|62|62|1|31|38|TUBERIA PVC DESAGUE DE 6 PLG|||2010-01-13|2010|0000-00-00|2010-02-03 14:42:24
2777|62|62|1|31|38|TUBERIA PVC ESQ. 40 1 PLG|||2010-01-13|2010|0000-00-00|2010-02-03 14:42:24
2778|62|62|1|31|38|TUBERIA PVC ESQ. 40 DE 1 1/2 PLG|||2010-01-13|2010|0000-00-00|2010-02-03 14:42:24
2779|62|62|1|31|38|TUBERIA PVC ESQ. 40 DE 1/2 PLG|||2010-01-13|2010|0000-00-00|2010-02-03 14:42:24
2780|62|62|1|31|38|TUBERIA PVC ESQ. 40 DE 2 PLG|||2010-01-13|2010|0000-00-00|2010-02-03 14:42:24
2781|62|62|1|31|38|TUBERIA PVC ESQ. 40 DE 3/4 PLG|||2010-01-13|2010|0000-00-00|2010-02-03 14:42:24
2782|62|62|1|31|38|TUBERIA PVC NB O CLASE 15 DE 1 1/2 PLG|||2010-01-13|2010|0000-00-00|2010-02-03 14:42:24
2783|62|62|1|31|38|TUBERIA PVC NB O CLASE 15 DE 1 PLG|||2010-01-13|2010|0000-00-00|2010-02-03 14:42:24
2784|62|62|1|31|38|TUBERIA PVC NB O CLASE 15 DE 1/2 PLG|||2010-01-13|2010|0000-00-00|2010-02-03 14:42:24
2785|62|62|1|31|38|TUBERIA PVC NB O CLASE 15 DE 2 PLG|||2010-01-13|2010|0000-00-00|2010-02-03 14:42:24
2786|62|62|1|31|38|TUBERIA PVC NB O CLASE 15 DE 3/4 PLG|||2010-01-13|2010|0000-00-00|2010-02-03 14:42:24
2787|62|62|1|27|36|BISAGRA DE 3 PLG|||2010-01-13|2010|0000-00-00|2010-02-03 14:42:24
2788|62|62|1|27|36|BISAGRA DE 4 PLG|||2010-01-13|2010|0000-00-00|2010-02-03 14:42:24
2789|62|62|1|27|36|BISAGRA VAIVEN DE 4 PLG|||2010-01-13|2010|0000-00-00|2010-02-03 14:42:24
2790|62|62|1|27|36|CHAPA|||2010-01-13|2010|0000-00-00|2010-02-03 14:42:24
2791|62|62|1|27|36|CREMONA|||2010-01-13|2010|0000-00-00|2010-02-03 14:42:24
2792|62|62|1|27|36|PICAPORTE 3 PLG|||2010-01-13|2010|0000-00-00|2010-02-03 14:42:24
2793|62|62|1|15|36|CANCAMO|||2010-01-13|2010|0000-00-00|2010-02-03 14:42:24
2794|62|62|1|15|36|FIJADOR DE ALA SIMPLE|||2010-01-13|2010|0000-00-00|2010-02-03 14:42:24
2795|62|62|1|15|36|TACOS PLASTICOS|||2010-01-13|2010|0000-00-00|2010-02-03 14:42:24
2796|62|62|1|15|36|TIRAFONDOS DE 4 1/2 PLG X 1/4 PLG|||2010-01-13|2010|0000-00-00|2010-02-03 14:42:24
2797|62|62|1|15|36|TIRAFONDOS DE 5 1/2 PLG X 1/4 PLG|||2010-01-13|2010|0000-00-00|2010-02-03 14:42:24
2798|62|62|1|15|36|TORNILLO DE 1 PLG Nº28|||2010-01-13|2010|0000-00-00|2010-02-03 14:42:24
2799|62|62|1|15|36|TORNILLO DE 2 PLG Nº28|||2010-01-13|2010|0000-00-00|2010-02-03 14:42:24
2800|62|62|1|32|34|MASILLA|||2010-01-13|2010|0000-00-00|2010-02-03 14:42:24
2801|62|62|1|32|34|SILICONA ESTRUCTURAL|||2010-01-13|2010|0000-00-00|2010-02-03 14:42:24
2802|62|62|1|9|3|SOPORTE DE ALUMINIO|||2010-01-13|2010|0000-00-00|2010-02-03 14:42:24
2803|62|62|1|9|36|VENTANA CORREDIZA 1X1,20 2 HOJAS INC/MARCO Y ACC|||2010-01-13|2010|0000-00-00|2010-02-03 14:42:24
2804|62|62|1|32|3|VIDRIO CATEDRAL INCOLORO 3MM|||2010-01-13|2010|0000-00-00|2010-02-03 14:42:24
2805|62|62|1|32|3|VIDRIO PLANO INCOLORO 4 MM|||2010-01-13|2010|0000-00-00|2010-02-03 14:42:24
2806|62|62|1|32|3|VIDRIO RAYBAN DE 4 MM|||2010-01-13|2010|0000-00-00|2010-02-03 14:42:24
2807|62|62|1|32|3|VIDRIO RAYBAN DE 6 MM|||2010-01-13|2010|0000-00-00|2010-02-03 14:42:24
2808|62|62|1|32|3|VIDRIO REFLECTIVO DE 4 MM|||2010-01-13|2010|0000-00-00|2010-02-03 14:42:24
2809|62|62|1|32|3|VIDRIO TEMPLADO DE 10 MM|||2010-01-13|2010|0000-00-00|2010-02-03 14:42:23
257|300|300|1|19|36|LADRILLO 12H|NULL|NULL|2010-01-28|2010|2010-02-02|2010-02-03 19:39:19
